locus.contig,locus.position,alleles,rsid,qual,filters,info.AC,info.AN,info.RefPanelAF,info.TYPED,info.INFO,variant_qc.AC,variant_qc.AF,variant_qc.AN,variant_qc.homozygote_count,variant_qc.call_rate,variant_qc.n_called,variant_qc.n_not_called,variant_qc.n_filtered,variant_qc.n_het,variant_qc.n_non_ref,variant_qc.het_freq_hwe,variant_qc.p_value_hwe,s,pop,GT.alleles,GT.phased,ADS,DS,GP,score_allele
2,218143731,"['C', 'T']",rs2113825,-10.0,[],[39],318,[0.178549],False,0.986443,"[279, 39]","[0.8773584905660378, 0.12264150943396226]",318,"[122, 2]",1.0,159,0,0,35,37,0.21588000714243202,0.8537899256005143,CTS_102,EUR,"[0, 1]",True,"[0.0, 1.0]",1.0,"[0.0, 1.0, 0.0]",1
2,218143731,"['C', 'T']",rs2113825,-10.0,[],[39],318,[0.178549],False,0.986443,"[279, 39]","[0.8773584905660378, 0.12264150943396226]",318,"[122, 2]",1.0,159,0,0,35,37,0.21588000714243202,0.8537899256005143,CTS_103,EUR,"[1, 0]",True,"[1.0, 0.0]",1.0,"[0.0, 1.0, 0.0]",1
2,218143731,"['C', 'T']",rs2113825,-10.0,[],[39],318,[0.178549],False,0.986443,"[279, 39]","[0.8773584905660378, 0.12264150943396226]",318,"[122, 2]",1.0,159,0,0,35,37,0.21588000714243202,0.8537899256005143,CTS_104,EUR,"[0, 0]",True,"[0.0, 0.0]",0.0,"[1.0, 0.0, 0.0]",0
2,218143731,"['C', 'T']",rs2113825,-10.0,[],[39],318,[0.178549],False,0.986443,"[279, 39]","[0.8773584905660378, 0.12264150943396226]",318,"[122, 2]",1.0,159,0,0,35,37,0.21588000714243202,0.8537899256005143,CTS_106,EUR,"[1, 0]",True,"[1.0, 0.0]",1.0,"[0.0, 1.0, 0.0]",1
2,218143731,"['C', 'T']",rs2113825,-10.0,[],[39],318,[0.178549],False,0.986443,"[279, 39]","[0.8773584905660378, 0.12264150943396226]",318,"[122, 2]",1.0,159,0,0,35,37,0.21588000714243202,0.8537899256005143,CTS_108,EUR,"[0, 0]",True,"[0.0, 0.0]",0.0,"[1.0, 0.0, 0.0]",0
2,218143731,"['C', 'T']",rs2113825,-10.0,[],[39],318,[0.178549],False,0.986443,"[279, 39]","[0.8773584905660378, 0.12264150943396226]",318,"[122, 2]",1.0,159,0,0,35,37,0.21588000714243202,0.8537899256005143,CTS_109,EUR,"[0, 0]",True,"[0.0, 0.0]",0.0,"[1.0, 0.0, 0.0]",0
2,218143731,"['C', 'T']",rs2113825,-10.0,[],[39],318,[0.178549],False,0.986443,"[279, 39]","[0.8773584905660378, 0.12264150943396226]",318,"[122, 2]",1.0,159,0,0,35,37,0.21588000714243202,0.8537899256005143,CTS_110,EUR,"[0, 0]",True,"[0.0, 0.0]",0.0,"[1.0, 0.0, 0.0]",0
2,218143731,"['C', 'T']",rs2113825,-10.0,[],[39],318,[0.178549],False,0.986443,"[279, 39]","[0.8773584905660378, 0.12264150943396226]",318,"[122, 2]",1.0,159,0,0,35,37,0.21588000714243202,0.8537899256005143,CTS_114,EUR,"[0, 0]",True,"[0.0, 0.0]",0.0,"[1.0, 0.0, 0.0]",0
2,218143731,"['C', 'T']",rs2113825,-10.0,[],[39],318,[0.178549],False,0.986443,"[279, 39]","[0.8773584905660378, 0.12264150943396226]",318,"[122, 2]",1.0,159,0,0,35,37,0.21588000714243202,0.8537899256005143,CTS_115,EUR,"[0, 0]",True,"[0.0, 0.0]",0.0,"[1.0, 0.0, 0.0]",0
2,218143731,"['C', 'T']",rs2113825,-10.0,[],[39],318,[0.178549],False,0.986443,"[279, 39]","[0.8773584905660378, 0.12264150943396226]",318,"[122, 2]",1.0,159,0,0,35,37,0.21588000714243202,0.8537899256005143,CTS_116,EUR,"[0, 0]",True,"[0.0, 0.0]",0.0,"[1.0, 0.0, 0.0]",0
2,218143731,"['C', 'T']",rs2113825,-10.0,[],[39],318,[0.178549],False,0.986443,"[279, 39]","[0.8773584905660378, 0.12264150943396226]",318,"[122, 2]",1.0,159,0,0,35,37,0.21588000714243202,0.8537899256005143,CTS_117,EUR,"[0, 1]",True,"[0.0, 1.0]",1.0,"[0.0, 1.0, 0.0]",1
2,218143731,"['C', 'T']",rs2113825,-10.0,[],[39],318,[0.178549],False,0.986443,"[279, 39]","[0.8773584905660378, 0.12264150943396226]",318,"[122, 2]",1.0,159,0,0,35,37,0.21588000714243202,0.8537899256005143,CTS_118,EUR,"[0, 0]",True,"[0.0, 0.0]",0.0,"[1.0, 0.0, 0.0]",0
2,218143731,"['C', 'T']",rs2113825,-10.0,[],[39],318,[0.178549],False,0.986443,"[279, 39]","[0.8773584905660378, 0.12264150943396226]",318,"[122, 2]",1.0,159,0,0,35,37,0.21588000714243202,0.8537899256005143,CTS_119,EUR,"[0, 1]",True,"[0.0, 1.0]",1.0,"[0.0, 1.0, 0.0]",1
2,218143731,"['C', 'T']",rs2113825,-10.0,[],[39],318,[0.178549],False,0.986443,"[279, 39]","[0.8773584905660378, 0.12264150943396226]",318,"[122, 2]",1.0,159,0,0,35,37,0.21588000714243202,0.8537899256005143,CTS_121,EUR,"[0, 1]",True,"[0.0, 0.95]",0.95,"[0.05, 0.95, 0.0]",1
2,218143731,"['C', 'T']",rs2113825,-10.0,[],[39],318,[0.178549],False,0.986443,"[279, 39]","[0.8773584905660378, 0.12264150943396226]",318,"[122, 2]",1.0,159,0,0,35,37,0.21588000714243202,0.8537899256005143,CTS_124,EUR,"[0, 0]",True,"[0.0, 0.0]",0.0,"[1.0, 0.0, 0.0]",0
2,218143731,"['C', 'T']",rs2113825,-10.0,[],[39],318,[0.178549],False,0.986443,"[279, 39]","[0.8773584905660378, 0.12264150943396226]",318,"[122, 2]",1.0,159,0,0,35,37,0.21588000714243202,0.8537899256005143,CTS_130,EUR,"[1, 0]",True,"[1.0, 0.0]",1.0,"[0.0, 1.0, 0.0]",1
2,218143731,"['C', 'T']",rs2113825,-10.0,[],[39],318,[0.178549],False,0.986443,"[279, 39]","[0.8773584905660378, 0.12264150943396226]",318,"[122, 2]",1.0,159,0,0,35,37,0.21588000714243202,0.8537899256005143,CTS_131,EUR,"[0, 0]",True,"[0.0, 0.0]",0.0,"[1.0, 0.0, 0.0]",0
2,218143731,"['C', 'T']",rs2113825,-10.0,[],[39],318,[0.178549],False,0.986443,"[279, 39]","[0.8773584905660378, 0.12264150943396226]",318,"[122, 2]",1.0,159,0,0,35,37,0.21588000714243202,0.8537899256005143,CTS_132,EUR,"[1, 0]",True,"[1.0, 0.0]",1.0,"[0.0, 1.0, 0.0]",1
2,218143731,"['C', 'T']",rs2113825,-10.0,[],[39],318,[0.178549],False,0.986443,"[279, 39]","[0.8773584905660378, 0.12264150943396226]",318,"[122, 2]",1.0,159,0,0,35,37,0.21588000714243202,0.8537899256005143,CTS_133,EUR,"[1, 1]",True,"[1.0, 1.0]",2.0,"[0.0, 0.0, 1.0]",2
2,218143731,"['C', 'T']",rs2113825,-10.0,[],[39],318,[0.178549],False,0.986443,"[279, 39]","[0.8773584905660378, 0.12264150943396226]",318,"[122, 2]",1.0,159,0,0,35,37,0.21588000714243202,0.8537899256005143,CTS_134,EUR,"[0, 0]",True,"[0.0, 0.0]",0.0,"[1.0, 0.0, 0.0]",0
2,218143731,"['C', 'T']",rs2113825,-10.0,[],[39],318,[0.178549],False,0.986443,"[279, 39]","[0.8773584905660378, 0.12264150943396226]",318,"[122, 2]",1.0,159,0,0,35,37,0.21588000714243202,0.8537899256005143,CTS_136,EUR,"[0, 1]",True,"[0.0, 1.0]",1.0,"[0.0, 1.0, 0.0]",1
2,218143731,"['C', 'T']",rs2113825,-10.0,[],[39],318,[0.178549],False,0.986443,"[279, 39]","[0.8773584905660378, 0.12264150943396226]",318,"[122, 2]",1.0,159,0,0,35,37,0.21588000714243202,0.8537899256005143,CTS_137,EUR,"[0, 0]",True,"[0.0, 0.0]",0.0,"[1.0, 0.0, 0.0]",0
2,218143731,"['C', 'T']",rs2113825,-10.0,[],[39],318,[0.178549],False,0.986443,"[279, 39]","[0.8773584905660378, 0.12264150943396226]",318,"[122, 2]",1.0,159,0,0,35,37,0.21588000714243202,0.8537899256005143,CTS_138,EUR,"[0, 0]",True,"[0.0, 0.0]",0.0,"[1.0, 0.0, 0.0]",0
2,218143731,"['C', 'T']",rs2113825,-10.0,[],[39],318,[0.178549],False,0.986443,"[279, 39]","[0.8773584905660378, 0.12264150943396226]",318,"[122, 2]",1.0,159,0,0,35,37,0.21588000714243202,0.8537899256005143,CTS_140,EUR,"[0, 0]",True,"[0.0, 0.0]",0.0,"[1.0, 0.0, 0.0]",0
2,218143731,"['C', 'T']",rs2113825,-10.0,[],[39],318,[0.178549],False,0.986443,"[279, 39]","[0.8773584905660378, 0.12264150943396226]",318,"[122, 2]",1.0,159,0,0,35,37,0.21588000714243202,0.8537899256005143,CTS_141,EUR,"[0, 0]",True,"[0.0, 0.0]",0.0,"[1.0, 0.0, 0.0]",0
2,218143731,"['C', 'T']",rs2113825,-10.0,[],[39],318,[0.178549],False,0.986443,"[279, 39]","[0.8773584905660378, 0.12264150943396226]",318,"[122, 2]",1.0,159,0,0,35,37,0.21588000714243202,0.8537899256005143,CTS_142,EUR,"[0, 0]",True,"[0.0, 0.0]",0.0,"[1.0, 0.0, 0.0]",0
2,218143731,"['C', 'T']",rs2113825,-10.0,[],[39],318,[0.178549],False,0.986443,"[279, 39]","[0.8773584905660378, 0.12264150943396226]",318,"[122, 2]",1.0,159,0,0,35,37,0.21588000714243202,0.8537899256005143,CTS_143,EUR,"[0, 1]",True,"[0.0, 1.0]",1.0,"[0.0, 1.0, 0.0]",1
2,218143731,"['C', 'T']",rs2113825,-10.0,[],[39],318,[0.178549],False,0.986443,"[279, 39]","[0.8773584905660378, 0.12264150943396226]",318,"[122, 2]",1.0,159,0,0,35,37,0.21588000714243202,0.8537899256005143,CTS_144,EUR,"[0, 0]",True,"[0.0, 0.0]",0.0,"[1.0, 0.0, 0.0]",0
2,218143731,"['C', 'T']",rs2113825,-10.0,[],[39],318,[0.178549],False,0.986443,"[279, 39]","[0.8773584905660378, 0.12264150943396226]",318,"[122, 2]",1.0,159,0,0,35,37,0.21588000714243202,0.8537899256005143,CTS_145,EUR,"[0, 0]",True,"[0.0, 0.0]",0.0,"[1.0, 0.0, 0.0]",0
2,218143731,"['C', 'T']",rs2113825,-10.0,[],[39],318,[0.178549],False,0.986443,"[279, 39]","[0.8773584905660378, 0.12264150943396226]",318,"[122, 2]",1.0,159,0,0,35,37,0.21588000714243202,0.8537899256005143,CTS_146,EUR,"[0, 0]",True,"[0.0, 0.0]",0.0,"[1.0, 0.0, 0.0]",0
2,218143731,"['C', 'T']",rs2113825,-10.0,[],[39],318,[0.178549],False,0.986443,"[279, 39]","[0.8773584905660378, 0.12264150943396226]",318,"[122, 2]",1.0,159,0,0,35,37,0.21588000714243202,0.8537899256005143,CTS_147,EUR,"[0, 0]",True,"[0.0, 0.0]",0.0,"[1.0, 0.0, 0.0]",0
2,218143731,"['C', 'T']",rs2113825,-10.0,[],[39],318,[0.178549],False,0.986443,"[279, 39]","[0.8773584905660378, 0.12264150943396226]",318,"[122, 2]",1.0,159,0,0,35,37,0.21588000714243202,0.8537899256005143,CTS_148,EUR,"[0, 0]",True,"[0.0, 0.0]",0.0,"[1.0, 0.0, 0.0]",0
2,218143731,"['C', 'T']",rs2113825,-10.0,[],[39],318,[0.178549],False,0.986443,"[279, 39]","[0.8773584905660378, 0.12264150943396226]",318,"[122, 2]",1.0,159,0,0,35,37,0.21588000714243202,0.8537899256005143,CTS_149,EUR,"[0, 0]",True,"[0.0, 0.0]",0.0,"[1.0, 0.0, 0.0]",0
2,218143731,"['C', 'T']",rs2113825,-10.0,[],[39],318,[0.178549],False,0.986443,"[279, 39]","[0.8773584905660378, 0.12264150943396226]",318,"[122, 2]",1.0,159,0,0,35,37,0.21588000714243202,0.8537899256005143,CTS_151,EUR,"[0, 1]",True,"[0.0, 1.0]",1.0,"[0.0, 1.0, 0.0]",1
2,218143731,"['C', 'T']",rs2113825,-10.0,[],[39],318,[0.178549],False,0.986443,"[279, 39]","[0.8773584905660378, 0.12264150943396226]",318,"[122, 2]",1.0,159,0,0,35,37,0.21588000714243202,0.8537899256005143,CTS_152,EUR,"[0, 0]",True,"[0.0, 0.0]",0.0,"[1.0, 0.0, 0.0]",0
2,218143731,"['C', 'T']",rs2113825,-10.0,[],[39],318,[0.178549],False,0.986443,"[279, 39]","[0.8773584905660378, 0.12264150943396226]",318,"[122, 2]",1.0,159,0,0,35,37,0.21588000714243202,0.8537899256005143,CTS_154,EUR,"[0, 0]",True,"[0.0, 0.0]",0.0,"[1.0, 0.0, 0.0]",0
2,218143731,"['C', 'T']",rs2113825,-10.0,[],[39],318,[0.178549],False,0.986443,"[279, 39]","[0.8773584905660378, 0.12264150943396226]",318,"[122, 2]",1.0,159,0,0,35,37,0.21588000714243202,0.8537899256005143,CTS_155,EUR,"[0, 0]",True,"[0.0, 0.0]",0.0,"[1.0, 0.0, 0.0]",0
2,218143731,"['C', 'T']",rs2113825,-10.0,[],[39],318,[0.178549],False,0.986443,"[279, 39]","[0.8773584905660378, 0.12264150943396226]",318,"[122, 2]",1.0,159,0,0,35,37,0.21588000714243202,0.8537899256005143,CTS_157,EUR,"[0, 0]",True,"[0.0, 0.0]",0.0,"[1.0, 0.0, 0.0]",0
2,218143731,"['C', 'T']",rs2113825,-10.0,[],[39],318,[0.178549],False,0.986443,"[279, 39]","[0.8773584905660378, 0.12264150943396226]",318,"[122, 2]",1.0,159,0,0,35,37,0.21588000714243202,0.8537899256005143,CTS_158,EUR,"[0, 0]",True,"[0.0, 0.0]",0.0,"[1.0, 0.0, 0.0]",0
2,218143731,"['C', 'T']",rs2113825,-10.0,[],[39],318,[0.178549],False,0.986443,"[279, 39]","[0.8773584905660378, 0.12264150943396226]",318,"[122, 2]",1.0,159,0,0,35,37,0.21588000714243202,0.8537899256005143,CTS_159,EUR,"[0, 0]",True,"[0.05, 0.0]",0.05,"[0.95, 0.05, 0.0]",0
2,218143731,"['C', 'T']",rs2113825,-10.0,[],[39],318,[0.178549],False,0.986443,"[279, 39]","[0.8773584905660378, 0.12264150943396226]",318,"[122, 2]",1.0,159,0,0,35,37,0.21588000714243202,0.8537899256005143,CTS_16,EUR,"[1, 0]",True,"[1.0, 0.0]",1.0,"[0.0, 1.0, 0.0]",1
2,218143731,"['C', 'T']",rs2113825,-10.0,[],[39],318,[0.178549],False,0.986443,"[279, 39]","[0.8773584905660378, 0.12264150943396226]",318,"[122, 2]",1.0,159,0,0,35,37,0.21588000714243202,0.8537899256005143,CTS_160,EUR,"[0, 0]",True,"[0.0, 0.0]",0.0,"[1.0, 0.0, 0.0]",0
2,218143731,"['C', 'T']",rs2113825,-10.0,[],[39],318,[0.178549],False,0.986443,"[279, 39]","[0.8773584905660378, 0.12264150943396226]",318,"[122, 2]",1.0,159,0,0,35,37,0.21588000714243202,0.8537899256005143,CTS_162,EUR,"[0, 0]",True,"[0.0, 0.0]",0.0,"[1.0, 0.0, 0.0]",0
2,218143731,"['C', 'T']",rs2113825,-10.0,[],[39],318,[0.178549],False,0.986443,"[279, 39]","[0.8773584905660378, 0.12264150943396226]",318,"[122, 2]",1.0,159,0,0,35,37,0.21588000714243202,0.8537899256005143,CTS_164,EUR,"[0, 0]",True,"[0.0, 0.0]",0.0,"[1.0, 0.0, 0.0]",0
2,218143731,"['C', 'T']",rs2113825,-10.0,[],[39],318,[0.178549],False,0.986443,"[279, 39]","[0.8773584905660378, 0.12264150943396226]",318,"[122, 2]",1.0,159,0,0,35,37,0.21588000714243202,0.8537899256005143,CTS_166,EUR,"[0, 0]",True,"[0.0, 0.0]",0.0,"[1.0, 0.0, 0.0]",0
2,218143731,"['C', 'T']",rs2113825,-10.0,[],[39],318,[0.178549],False,0.986443,"[279, 39]","[0.8773584905660378, 0.12264150943396226]",318,"[122, 2]",1.0,159,0,0,35,37,0.21588000714243202,0.8537899256005143,CTS_167,EUR,"[0, 0]",True,"[0.0, 0.0]",0.0,"[1.0, 0.0, 0.0]",0
2,218143731,"['C', 'T']",rs2113825,-10.0,[],[39],318,[0.178549],False,0.986443,"[279, 39]","[0.8773584905660378, 0.12264150943396226]",318,"[122, 2]",1.0,159,0,0,35,37,0.21588000714243202,0.8537899256005143,CTS_168,EUR,"[0, 0]",True,"[0.0, 0.0]",0.0,"[1.0, 0.0, 0.0]",0
2,218143731,"['C', 'T']",rs2113825,-10.0,[],[39],318,[0.178549],False,0.986443,"[279, 39]","[0.8773584905660378, 0.12264150943396226]",318,"[122, 2]",1.0,159,0,0,35,37,0.21588000714243202,0.8537899256005143,CTS_169,EUR,"[0, 0]",True,"[0.0, 0.0]",0.0,"[1.0, 0.0, 0.0]",0
2,218143731,"['C', 'T']",rs2113825,-10.0,[],[39],318,[0.178549],False,0.986443,"[279, 39]","[0.8773584905660378, 0.12264150943396226]",318,"[122, 2]",1.0,159,0,0,35,37,0.21588000714243202,0.8537899256005143,CTS_172,EUR,"[1, 1]",True,"[1.0, 1.0]",2.0,"[0.0, 0.0, 1.0]",2
2,218143731,"['C', 'T']",rs2113825,-10.0,[],[39],318,[0.178549],False,0.986443,"[279, 39]","[0.8773584905660378, 0.12264150943396226]",318,"[122, 2]",1.0,159,0,0,35,37,0.21588000714243202,0.8537899256005143,CTS_175,EUR,"[0, 0]",True,"[0.0, 0.0]",0.0,"[1.0, 0.0, 0.0]",0
2,218143731,"['C', 'T']",rs2113825,-10.0,[],[39],318,[0.178549],False,0.986443,"[279, 39]","[0.8773584905660378, 0.12264150943396226]",318,"[122, 2]",1.0,159,0,0,35,37,0.21588000714243202,0.8537899256005143,CTS_176,EUR,"[0, 0]",True,"[0.0, 0.0]",0.0,"[1.0, 0.0, 0.0]",0
2,218143731,"['C', 'T']",rs2113825,-10.0,[],[39],318,[0.178549],False,0.986443,"[279, 39]","[0.8773584905660378, 0.12264150943396226]",318,"[122, 2]",1.0,159,0,0,35,37,0.21588000714243202,0.8537899256005143,CTS_177,EUR,"[0, 0]",True,"[0.0, 0.0]",0.0,"[1.0, 0.0, 0.0]",0
2,218143731,"['C', 'T']",rs2113825,-10.0,[],[39],318,[0.178549],False,0.986443,"[279, 39]","[0.8773584905660378, 0.12264150943396226]",318,"[122, 2]",1.0,159,0,0,35,37,0.21588000714243202,0.8537899256005143,CTS_18,EUR,"[0, 0]",True,"[0.0, 0.0]",0.0,"[1.0, 0.0, 0.0]",0
2,218143731,"['C', 'T']",rs2113825,-10.0,[],[39],318,[0.178549],False,0.986443,"[279, 39]","[0.8773584905660378, 0.12264150943396226]",318,"[122, 2]",1.0,159,0,0,35,37,0.21588000714243202,0.8537899256005143,CTS_181,EUR,"[0, 0]",True,"[0.0, 0.0]",0.0,"[1.0, 0.0, 0.0]",0
2,218143731,"['C', 'T']",rs2113825,-10.0,[],[39],318,[0.178549],False,0.986443,"[279, 39]","[0.8773584905660378, 0.12264150943396226]",318,"[122, 2]",1.0,159,0,0,35,37,0.21588000714243202,0.8537899256005143,CTS_182,EUR,"[1, 0]",True,"[1.0, 0.0]",1.0,"[0.0, 1.0, 0.0]",1
2,218143731,"['C', 'T']",rs2113825,-10.0,[],[39],318,[0.178549],False,0.986443,"[279, 39]","[0.8773584905660378, 0.12264150943396226]",318,"[122, 2]",1.0,159,0,0,35,37,0.21588000714243202,0.8537899256005143,CTS_186,EUR,"[0, 0]",True,"[0.0, 0.0]",0.0,"[1.0, 0.0, 0.0]",0
2,218143731,"['C', 'T']",rs2113825,-10.0,[],[39],318,[0.178549],False,0.986443,"[279, 39]","[0.8773584905660378, 0.12264150943396226]",318,"[122, 2]",1.0,159,0,0,35,37,0.21588000714243202,0.8537899256005143,CTS_187,EUR,"[0, 0]",True,"[0.0, 0.0]",0.0,"[1.0, 0.0, 0.0]",0
2,218143731,"['C', 'T']",rs2113825,-10.0,[],[39],318,[0.178549],False,0.986443,"[279, 39]","[0.8773584905660378, 0.12264150943396226]",318,"[122, 2]",1.0,159,0,0,35,37,0.21588000714243202,0.8537899256005143,CTS_188,EUR,"[0, 0]",True,"[0.0, 0.0]",0.0,"[1.0, 0.0, 0.0]",0
2,218143731,"['C', 'T']",rs2113825,-10.0,[],[39],318,[0.178549],False,0.986443,"[279, 39]","[0.8773584905660378, 0.12264150943396226]",318,"[122, 2]",1.0,159,0,0,35,37,0.21588000714243202,0.8537899256005143,CTS_189,EUR,"[1, 0]",True,"[1.0, 0.0]",1.0,"[0.0, 1.0, 0.0]",1
2,218143731,"['C', 'T']",rs2113825,-10.0,[],[39],318,[0.178549],False,0.986443,"[279, 39]","[0.8773584905660378, 0.12264150943396226]",318,"[122, 2]",1.0,159,0,0,35,37,0.21588000714243202,0.8537899256005143,CTS_19,EUR,"[0, 0]",True,"[0.0, 0.0]",0.0,"[1.0, 0.0, 0.0]",0
2,218143731,"['C', 'T']",rs2113825,-10.0,[],[39],318,[0.178549],False,0.986443,"[279, 39]","[0.8773584905660378, 0.12264150943396226]",318,"[122, 2]",1.0,159,0,0,35,37,0.21588000714243202,0.8537899256005143,CTS_190,EUR,"[0, 0]",True,"[0.0, 0.0]",0.0,"[1.0, 0.0, 0.0]",0
2,218143731,"['C', 'T']",rs2113825,-10.0,[],[39],318,[0.178549],False,0.986443,"[279, 39]","[0.8773584905660378, 0.12264150943396226]",318,"[122, 2]",1.0,159,0,0,35,37,0.21588000714243202,0.8537899256005143,CTS_191,EUR,"[0, 0]",True,"[0.0, 0.0]",0.0,"[1.0, 0.0, 0.0]",0
2,218143731,"['C', 'T']",rs2113825,-10.0,[],[39],318,[0.178549],False,0.986443,"[279, 39]","[0.8773584905660378, 0.12264150943396226]",318,"[122, 2]",1.0,159,0,0,35,37,0.21588000714243202,0.8537899256005143,CTS_192,EUR,"[0, 0]",True,"[0.0, 0.0]",0.0,"[1.0, 0.0, 0.0]",0
2,218143731,"['C', 'T']",rs2113825,-10.0,[],[39],318,[0.178549],False,0.986443,"[279, 39]","[0.8773584905660378, 0.12264150943396226]",318,"[122, 2]",1.0,159,0,0,35,37,0.21588000714243202,0.8537899256005143,CTS_193,EUR,"[0, 0]",True,"[0.0, 0.0]",0.0,"[1.0, 0.0, 0.0]",0
2,218143731,"['C', 'T']",rs2113825,-10.0,[],[39],318,[0.178549],False,0.986443,"[279, 39]","[0.8773584905660378, 0.12264150943396226]",318,"[122, 2]",1.0,159,0,0,35,37,0.21588000714243202,0.8537899256005143,CTS_194,EUR,"[0, 0]",True,"[0.0, 0.0]",0.0,"[1.0, 0.0, 0.0]",0
2,218143731,"['C', 'T']",rs2113825,-10.0,[],[39],318,[0.178549],False,0.986443,"[279, 39]","[0.8773584905660378, 0.12264150943396226]",318,"[122, 2]",1.0,159,0,0,35,37,0.21588000714243202,0.8537899256005143,CTS_195,EUR,"[0, 0]",True,"[0.0, 0.0]",0.0,"[1.0, 0.0, 0.0]",0
2,218143731,"['C', 'T']",rs2113825,-10.0,[],[39],318,[0.178549],False,0.986443,"[279, 39]","[0.8773584905660378, 0.12264150943396226]",318,"[122, 2]",1.0,159,0,0,35,37,0.21588000714243202,0.8537899256005143,CTS_197,EUR,"[0, 0]",True,"[0.0, 0.0]",0.0,"[1.0, 0.0, 0.0]",0
2,218143731,"['C', 'T']",rs2113825,-10.0,[],[39],318,[0.178549],False,0.986443,"[279, 39]","[0.8773584905660378, 0.12264150943396226]",318,"[122, 2]",1.0,159,0,0,35,37,0.21588000714243202,0.8537899256005143,CTS_198,EUR,"[0, 0]",True,"[0.0, 0.0]",0.0,"[1.0, 0.0, 0.0]",0
2,218143731,"['C', 'T']",rs2113825,-10.0,[],[39],318,[0.178549],False,0.986443,"[279, 39]","[0.8773584905660378, 0.12264150943396226]",318,"[122, 2]",1.0,159,0,0,35,37,0.21588000714243202,0.8537899256005143,CTS_199,EUR,"[0, 0]",True,"[0.0, 0.0]",0.0,"[1.0, 0.0, 0.0]",0
2,218143731,"['C', 'T']",rs2113825,-10.0,[],[39],318,[0.178549],False,0.986443,"[279, 39]","[0.8773584905660378, 0.12264150943396226]",318,"[122, 2]",1.0,159,0,0,35,37,0.21588000714243202,0.8537899256005143,CTS_2,EUR,"[0, 1]",True,"[0.0, 1.0]",1.0,"[0.0, 1.0, 0.0]",1
2,218143731,"['C', 'T']",rs2113825,-10.0,[],[39],318,[0.178549],False,0.986443,"[279, 39]","[0.8773584905660378, 0.12264150943396226]",318,"[122, 2]",1.0,159,0,0,35,37,0.21588000714243202,0.8537899256005143,CTS_200,EUR,"[0, 1]",True,"[0.0, 1.0]",1.0,"[0.0, 1.0, 0.0]",1
2,218143731,"['C', 'T']",rs2113825,-10.0,[],[39],318,[0.178549],False,0.986443,"[279, 39]","[0.8773584905660378, 0.12264150943396226]",318,"[122, 2]",1.0,159,0,0,35,37,0.21588000714243202,0.8537899256005143,CTS_201,EUR,"[1, 0]",True,"[1.0, 0.0]",1.0,"[0.0, 1.0, 0.0]",1
2,218143731,"['C', 'T']",rs2113825,-10.0,[],[39],318,[0.178549],False,0.986443,"[279, 39]","[0.8773584905660378, 0.12264150943396226]",318,"[122, 2]",1.0,159,0,0,35,37,0.21588000714243202,0.8537899256005143,CTS_202,EUR,"[0, 0]",True,"[0.0, 0.0]",0.0,"[1.0, 0.0, 0.0]",0
2,218143731,"['C', 'T']",rs2113825,-10.0,[],[39],318,[0.178549],False,0.986443,"[279, 39]","[0.8773584905660378, 0.12264150943396226]",318,"[122, 2]",1.0,159,0,0,35,37,0.21588000714243202,0.8537899256005143,CTS_203,EUR,"[1, 0]",True,"[1.0, 0.0]",1.0,"[0.0, 1.0, 0.0]",1
2,218143731,"['C', 'T']",rs2113825,-10.0,[],[39],318,[0.178549],False,0.986443,"[279, 39]","[0.8773584905660378, 0.12264150943396226]",318,"[122, 2]",1.0,159,0,0,35,37,0.21588000714243202,0.8537899256005143,CTS_22,EUR,"[0, 0]",True,"[0.0, 0.0]",0.0,"[1.0, 0.0, 0.0]",0
2,218143731,"['C', 'T']",rs2113825,-10.0,[],[39],318,[0.178549],False,0.986443,"[279, 39]","[0.8773584905660378, 0.12264150943396226]",318,"[122, 2]",1.0,159,0,0,35,37,0.21588000714243202,0.8537899256005143,CTS_33,EUR,"[1, 0]",True,"[1.0, 0.0]",1.0,"[0.0, 1.0, 0.0]",1
2,218143731,"['C', 'T']",rs2113825,-10.0,[],[39],318,[0.178549],False,0.986443,"[279, 39]","[0.8773584905660378, 0.12264150943396226]",318,"[122, 2]",1.0,159,0,0,35,37,0.21588000714243202,0.8537899256005143,CTS_36,EUR,"[0, 0]",True,"[0.0, 0.0]",0.0,"[1.0, 0.0, 0.0]",0
2,218143731,"['C', 'T']",rs2113825,-10.0,[],[39],318,[0.178549],False,0.986443,"[279, 39]","[0.8773584905660378, 0.12264150943396226]",318,"[122, 2]",1.0,159,0,0,35,37,0.21588000714243202,0.8537899256005143,CTS_38,EUR,"[0, 0]",True,"[0.0, 0.0]",0.0,"[1.0, 0.0, 0.0]",0
2,218143731,"['C', 'T']",rs2113825,-10.0,[],[39],318,[0.178549],False,0.986443,"[279, 39]","[0.8773584905660378, 0.12264150943396226]",318,"[122, 2]",1.0,159,0,0,35,37,0.21588000714243202,0.8537899256005143,CTS_40,EUR,"[0, 0]",True,"[0.0, 0.0]",0.0,"[1.0, 0.0, 0.0]",0
2,218143731,"['C', 'T']",rs2113825,-10.0,[],[39],318,[0.178549],False,0.986443,"[279, 39]","[0.8773584905660378, 0.12264150943396226]",318,"[122, 2]",1.0,159,0,0,35,37,0.21588000714243202,0.8537899256005143,CTS_43,EUR,"[0, 0]",True,"[0.0, 0.0]",0.0,"[1.0, 0.0, 0.0]",0
2,218143731,"['C', 'T']",rs2113825,-10.0,[],[39],318,[0.178549],False,0.986443,"[279, 39]","[0.8773584905660378, 0.12264150943396226]",318,"[122, 2]",1.0,159,0,0,35,37,0.21588000714243202,0.8537899256005143,CTS_45,EUR,"[0, 0]",True,"[0.0, 0.0]",0.0,"[1.0, 0.0, 0.0]",0
2,218143731,"['C', 'T']",rs2113825,-10.0,[],[39],318,[0.178549],False,0.986443,"[279, 39]","[0.8773584905660378, 0.12264150943396226]",318,"[122, 2]",1.0,159,0,0,35,37,0.21588000714243202,0.8537899256005143,CTS_5,EUR,"[0, 0]",True,"[0.0, 0.0]",0.0,"[1.0, 0.0, 0.0]",0
2,218143731,"['C', 'T']",rs2113825,-10.0,[],[39],318,[0.178549],False,0.986443,"[279, 39]","[0.8773584905660378, 0.12264150943396226]",318,"[122, 2]",1.0,159,0,0,35,37,0.21588000714243202,0.8537899256005143,CTS_500,EUR,"[0, 0]",True,"[0.0, 0.45]",0.45,"[0.55, 0.45, 0.0]",0
2,218143731,"['C', 'T']",rs2113825,-10.0,[],[39],318,[0.178549],False,0.986443,"[279, 39]","[0.8773584905660378, 0.12264150943396226]",318,"[122, 2]",1.0,159,0,0,35,37,0.21588000714243202,0.8537899256005143,CTS_503,EUR,"[0, 1]",True,"[0.0, 1.0]",1.0,"[0.0, 1.0, 0.0]",1
2,218143731,"['C', 'T']",rs2113825,-10.0,[],[39],318,[0.178549],False,0.986443,"[279, 39]","[0.8773584905660378, 0.12264150943396226]",318,"[122, 2]",1.0,159,0,0,35,37,0.21588000714243202,0.8537899256005143,CTS_504,EUR,"[1, 0]",True,"[1.0, 0.0]",1.0,"[0.0, 1.0, 0.0]",1
2,218143731,"['C', 'T']",rs2113825,-10.0,[],[39],318,[0.178549],False,0.986443,"[279, 39]","[0.8773584905660378, 0.12264150943396226]",318,"[122, 2]",1.0,159,0,0,35,37,0.21588000714243202,0.8537899256005143,CTS_505,EUR,"[1, 0]",True,"[1.0, 0.0]",1.0,"[0.0, 1.0, 0.0]",1
2,218143731,"['C', 'T']",rs2113825,-10.0,[],[39],318,[0.178549],False,0.986443,"[279, 39]","[0.8773584905660378, 0.12264150943396226]",318,"[122, 2]",1.0,159,0,0,35,37,0.21588000714243202,0.8537899256005143,CTS_507,EUR,"[0, 0]",True,"[0.0, 0.0]",0.0,"[1.0, 0.0, 0.0]",0
2,218143731,"['C', 'T']",rs2113825,-10.0,[],[39],318,[0.178549],False,0.986443,"[279, 39]","[0.8773584905660378, 0.12264150943396226]",318,"[122, 2]",1.0,159,0,0,35,37,0.21588000714243202,0.8537899256005143,CTS_508,EUR,"[0, 0]",True,"[0.0, 0.0]",0.0,"[1.0, 0.0, 0.0]",0
2,218143731,"['C', 'T']",rs2113825,-10.0,[],[39],318,[0.178549],False,0.986443,"[279, 39]","[0.8773584905660378, 0.12264150943396226]",318,"[122, 2]",1.0,159,0,0,35,37,0.21588000714243202,0.8537899256005143,CTS_509,EUR,"[0, 0]",True,"[0.0, 0.0]",0.0,"[1.0, 0.0, 0.0]",0
2,218143731,"['C', 'T']",rs2113825,-10.0,[],[39],318,[0.178549],False,0.986443,"[279, 39]","[0.8773584905660378, 0.12264150943396226]",318,"[122, 2]",1.0,159,0,0,35,37,0.21588000714243202,0.8537899256005143,CTS_510,EUR,"[0, 0]",True,"[0.0, 0.0]",0.0,"[1.0, 0.0, 0.0]",0
2,218143731,"['C', 'T']",rs2113825,-10.0,[],[39],318,[0.178549],False,0.986443,"[279, 39]","[0.8773584905660378, 0.12264150943396226]",318,"[122, 2]",1.0,159,0,0,35,37,0.21588000714243202,0.8537899256005143,CTS_512,EUR,"[0, 0]",True,"[0.0, 0.0]",0.0,"[1.0, 0.0, 0.0]",0
2,218143731,"['C', 'T']",rs2113825,-10.0,[],[39],318,[0.178549],False,0.986443,"[279, 39]","[0.8773584905660378, 0.12264150943396226]",318,"[122, 2]",1.0,159,0,0,35,37,0.21588000714243202,0.8537899256005143,CTS_513,EUR,"[0, 0]",True,"[0.0, 0.0]",0.0,"[1.0, 0.0, 0.0]",0
2,218143731,"['C', 'T']",rs2113825,-10.0,[],[39],318,[0.178549],False,0.986443,"[279, 39]","[0.8773584905660378, 0.12264150943396226]",318,"[122, 2]",1.0,159,0,0,35,37,0.21588000714243202,0.8537899256005143,CTS_515,EUR,"[0, 0]",True,"[0.0, 0.0]",0.0,"[1.0, 0.0, 0.0]",0
2,218143731,"['C', 'T']",rs2113825,-10.0,[],[39],318,[0.178549],False,0.986443,"[279, 39]","[0.8773584905660378, 0.12264150943396226]",318,"[122, 2]",1.0,159,0,0,35,37,0.21588000714243202,0.8537899256005143,CTS_516,EUR,"[0, 0]",True,"[0.0, 0.0]",0.0,"[1.0, 0.0, 0.0]",0
2,218143731,"['C', 'T']",rs2113825,-10.0,[],[39],318,[0.178549],False,0.986443,"[279, 39]","[0.8773584905660378, 0.12264150943396226]",318,"[122, 2]",1.0,159,0,0,35,37,0.21588000714243202,0.8537899256005143,CTS_517,EUR,"[0, 0]",True,"[0.0, 0.0]",0.0,"[1.0, 0.0, 0.0]",0
2,218143731,"['C', 'T']",rs2113825,-10.0,[],[39],318,[0.178549],False,0.986443,"[279, 39]","[0.8773584905660378, 0.12264150943396226]",318,"[122, 2]",1.0,159,0,0,35,37,0.21588000714243202,0.8537899256005143,CTS_518,EUR,"[0, 0]",True,"[0.0, 0.0]",0.0,"[1.0, 0.0, 0.0]",0
2,218143731,"['C', 'T']",rs2113825,-10.0,[],[39],318,[0.178549],False,0.986443,"[279, 39]","[0.8773584905660378, 0.12264150943396226]",318,"[122, 2]",1.0,159,0,0,35,37,0.21588000714243202,0.8537899256005143,CTS_520,EUR,"[0, 0]",True,"[0.0, 0.0]",0.0,"[1.0, 0.0, 0.0]",0
2,218143731,"['C', 'T']",rs2113825,-10.0,[],[39],318,[0.178549],False,0.986443,"[279, 39]","[0.8773584905660378, 0.12264150943396226]",318,"[122, 2]",1.0,159,0,0,35,37,0.21588000714243202,0.8537899256005143,CTS_521,EUR,"[0, 0]",True,"[0.0, 0.0]",0.0,"[1.0, 0.0, 0.0]",0
2,218143731,"['C', 'T']",rs2113825,-10.0,[],[39],318,[0.178549],False,0.986443,"[279, 39]","[0.8773584905660378, 0.12264150943396226]",318,"[122, 2]",1.0,159,0,0,35,37,0.21588000714243202,0.8537899256005143,CTS_522,EUR,"[0, 1]",True,"[0.0, 1.0]",1.0,"[0.0, 1.0, 0.0]",1
2,218143731,"['C', 'T']",rs2113825,-10.0,[],[39],318,[0.178549],False,0.986443,"[279, 39]","[0.8773584905660378, 0.12264150943396226]",318,"[122, 2]",1.0,159,0,0,35,37,0.21588000714243202,0.8537899256005143,CTS_524,EUR,"[0, 0]",True,"[0.0, 0.0]",0.0,"[1.0, 0.0, 0.0]",0
2,218143731,"['C', 'T']",rs2113825,-10.0,[],[39],318,[0.178549],False,0.986443,"[279, 39]","[0.8773584905660378, 0.12264150943396226]",318,"[122, 2]",1.0,159,0,0,35,37,0.21588000714243202,0.8537899256005143,CTS_525,EUR,"[0, 0]",True,"[0.0, 0.0]",0.0,"[1.0, 0.0, 0.0]",0
2,218143731,"['C', 'T']",rs2113825,-10.0,[],[39],318,[0.178549],False,0.986443,"[279, 39]","[0.8773584905660378, 0.12264150943396226]",318,"[122, 2]",1.0,159,0,0,35,37,0.21588000714243202,0.8537899256005143,CTS_526,EUR,"[0, 0]",True,"[0.0, 0.0]",0.0,"[1.0, 0.0, 0.0]",0
2,218143731,"['C', 'T']",rs2113825,-10.0,[],[39],318,[0.178549],False,0.986443,"[279, 39]","[0.8773584905660378, 0.12264150943396226]",318,"[122, 2]",1.0,159,0,0,35,37,0.21588000714243202,0.8537899256005143,CTS_527,EUR,"[0, 0]",True,"[0.0, 0.0]",0.0,"[1.0, 0.0, 0.0]",0
2,218143731,"['C', 'T']",rs2113825,-10.0,[],[39],318,[0.178549],False,0.986443,"[279, 39]","[0.8773584905660378, 0.12264150943396226]",318,"[122, 2]",1.0,159,0,0,35,37,0.21588000714243202,0.8537899256005143,CTS_528,EUR,"[0, 0]",True,"[0.0, 0.0]",0.0,"[1.0, 0.0, 0.0]",0
2,218143731,"['C', 'T']",rs2113825,-10.0,[],[39],318,[0.178549],False,0.986443,"[279, 39]","[0.8773584905660378, 0.12264150943396226]",318,"[122, 2]",1.0,159,0,0,35,37,0.21588000714243202,0.8537899256005143,CTS_529,EUR,"[0, 0]",True,"[0.0, 0.0]",0.0,"[1.0, 0.0, 0.0]",0
2,218143731,"['C', 'T']",rs2113825,-10.0,[],[39],318,[0.178549],False,0.986443,"[279, 39]","[0.8773584905660378, 0.12264150943396226]",318,"[122, 2]",1.0,159,0,0,35,37,0.21588000714243202,0.8537899256005143,CTS_530,EUR,"[0, 0]",True,"[0.0, 0.0]",0.0,"[1.0, 0.0, 0.0]",0
2,218143731,"['C', 'T']",rs2113825,-10.0,[],[39],318,[0.178549],False,0.986443,"[279, 39]","[0.8773584905660378, 0.12264150943396226]",318,"[122, 2]",1.0,159,0,0,35,37,0.21588000714243202,0.8537899256005143,CTS_531,EUR,"[1, 0]",True,"[1.0, 0.0]",1.0,"[0.0, 1.0, 0.0]",1
2,218143731,"['C', 'T']",rs2113825,-10.0,[],[39],318,[0.178549],False,0.986443,"[279, 39]","[0.8773584905660378, 0.12264150943396226]",318,"[122, 2]",1.0,159,0,0,35,37,0.21588000714243202,0.8537899256005143,CTS_532,EUR,"[1, 0]",True,"[1.0, 0.0]",1.0,"[0.0, 1.0, 0.0]",1
2,218143731,"['C', 'T']",rs2113825,-10.0,[],[39],318,[0.178549],False,0.986443,"[279, 39]","[0.8773584905660378, 0.12264150943396226]",318,"[122, 2]",1.0,159,0,0,35,37,0.21588000714243202,0.8537899256005143,CTS_533,EUR,"[0, 0]",True,"[0.0, 0.0]",0.0,"[1.0, 0.0, 0.0]",0
2,218143731,"['C', 'T']",rs2113825,-10.0,[],[39],318,[0.178549],False,0.986443,"[279, 39]","[0.8773584905660378, 0.12264150943396226]",318,"[122, 2]",1.0,159,0,0,35,37,0.21588000714243202,0.8537899256005143,CTS_534,EUR,"[0, 0]",True,"[0.0, 0.0]",0.0,"[1.0, 0.0, 0.0]",0
2,218143731,"['C', 'T']",rs2113825,-10.0,[],[39],318,[0.178549],False,0.986443,"[279, 39]","[0.8773584905660378, 0.12264150943396226]",318,"[122, 2]",1.0,159,0,0,35,37,0.21588000714243202,0.8537899256005143,CTS_535,EUR,"[0, 0]",True,"[0.0, 0.0]",0.0,"[1.0, 0.0, 0.0]",0
2,218143731,"['C', 'T']",rs2113825,-10.0,[],[39],318,[0.178549],False,0.986443,"[279, 39]","[0.8773584905660378, 0.12264150943396226]",318,"[122, 2]",1.0,159,0,0,35,37,0.21588000714243202,0.8537899256005143,CTS_536,EUR,"[0, 0]",True,"[0.0, 0.0]",0.0,"[1.0, 0.0, 0.0]",0
2,218143731,"['C', 'T']",rs2113825,-10.0,[],[39],318,[0.178549],False,0.986443,"[279, 39]","[0.8773584905660378, 0.12264150943396226]",318,"[122, 2]",1.0,159,0,0,35,37,0.21588000714243202,0.8537899256005143,CTS_537,EUR,"[0, 0]",True,"[0.0, 0.0]",0.0,"[1.0, 0.0, 0.0]",0
2,218143731,"['C', 'T']",rs2113825,-10.0,[],[39],318,[0.178549],False,0.986443,"[279, 39]","[0.8773584905660378, 0.12264150943396226]",318,"[122, 2]",1.0,159,0,0,35,37,0.21588000714243202,0.8537899256005143,CTS_539,EUR,"[0, 0]",True,"[0.0, 0.0]",0.0,"[1.0, 0.0, 0.0]",0
2,218143731,"['C', 'T']",rs2113825,-10.0,[],[39],318,[0.178549],False,0.986443,"[279, 39]","[0.8773584905660378, 0.12264150943396226]",318,"[122, 2]",1.0,159,0,0,35,37,0.21588000714243202,0.8537899256005143,CTS_541,EUR,"[0, 0]",True,"[0.0, 0.0]",0.0,"[1.0, 0.0, 0.0]",0
2,218143731,"['C', 'T']",rs2113825,-10.0,[],[39],318,[0.178549],False,0.986443,"[279, 39]","[0.8773584905660378, 0.12264150943396226]",318,"[122, 2]",1.0,159,0,0,35,37,0.21588000714243202,0.8537899256005143,CTS_542,EUR,"[0, 0]",True,"[0.0, 0.0]",0.0,"[1.0, 0.0, 0.0]",0
2,218143731,"['C', 'T']",rs2113825,-10.0,[],[39],318,[0.178549],False,0.986443,"[279, 39]","[0.8773584905660378, 0.12264150943396226]",318,"[122, 2]",1.0,159,0,0,35,37,0.21588000714243202,0.8537899256005143,CTS_544,EUR,"[0, 1]",True,"[0.0, 1.0]",1.0,"[0.0, 1.0, 0.0]",1
2,218143731,"['C', 'T']",rs2113825,-10.0,[],[39],318,[0.178549],False,0.986443,"[279, 39]","[0.8773584905660378, 0.12264150943396226]",318,"[122, 2]",1.0,159,0,0,35,37,0.21588000714243202,0.8537899256005143,CTS_546,EUR,"[0, 0]",True,"[0.0, 0.0]",0.0,"[1.0, 0.0, 0.0]",0
2,218143731,"['C', 'T']",rs2113825,-10.0,[],[39],318,[0.178549],False,0.986443,"[279, 39]","[0.8773584905660378, 0.12264150943396226]",318,"[122, 2]",1.0,159,0,0,35,37,0.21588000714243202,0.8537899256005143,CTS_547,EUR,"[0, 0]",True,"[0.0, 0.0]",0.0,"[1.0, 0.0, 0.0]",0
2,218143731,"['C', 'T']",rs2113825,-10.0,[],[39],318,[0.178549],False,0.986443,"[279, 39]","[0.8773584905660378, 0.12264150943396226]",318,"[122, 2]",1.0,159,0,0,35,37,0.21588000714243202,0.8537899256005143,CTS_549,EUR,"[0, 0]",True,"[0.0, 0.0]",0.0,"[1.0, 0.0, 0.0]",0
2,218143731,"['C', 'T']",rs2113825,-10.0,[],[39],318,[0.178549],False,0.986443,"[279, 39]","[0.8773584905660378, 0.12264150943396226]",318,"[122, 2]",1.0,159,0,0,35,37,0.21588000714243202,0.8537899256005143,CTS_550,EUR,"[0, 0]",True,"[0.0, 0.0]",0.0,"[1.0, 0.0, 0.0]",0
2,218143731,"['C', 'T']",rs2113825,-10.0,[],[39],318,[0.178549],False,0.986443,"[279, 39]","[0.8773584905660378, 0.12264150943396226]",318,"[122, 2]",1.0,159,0,0,35,37,0.21588000714243202,0.8537899256005143,CTS_551,EUR,"[0, 0]",True,"[0.0, 0.0]",0.0,"[1.0, 0.0, 0.0]",0
2,218143731,"['C', 'T']",rs2113825,-10.0,[],[39],318,[0.178549],False,0.986443,"[279, 39]","[0.8773584905660378, 0.12264150943396226]",318,"[122, 2]",1.0,159,0,0,35,37,0.21588000714243202,0.8537899256005143,CTS_552,EUR,"[0, 0]",True,"[0.0, 0.0]",0.0,"[1.0, 0.0, 0.0]",0
2,218143731,"['C', 'T']",rs2113825,-10.0,[],[39],318,[0.178549],False,0.986443,"[279, 39]","[0.8773584905660378, 0.12264150943396226]",318,"[122, 2]",1.0,159,0,0,35,37,0.21588000714243202,0.8537899256005143,CTS_553,EUR,"[1, 0]",True,"[1.0, 0.0]",1.0,"[0.0, 1.0, 0.0]",1
2,218143731,"['C', 'T']",rs2113825,-10.0,[],[39],318,[0.178549],False,0.986443,"[279, 39]","[0.8773584905660378, 0.12264150943396226]",318,"[122, 2]",1.0,159,0,0,35,37,0.21588000714243202,0.8537899256005143,CTS_554,EUR,"[0, 0]",True,"[0.0, 0.0]",0.0,"[1.0, 0.0, 0.0]",0
2,218143731,"['C', 'T']",rs2113825,-10.0,[],[39],318,[0.178549],False,0.986443,"[279, 39]","[0.8773584905660378, 0.12264150943396226]",318,"[122, 2]",1.0,159,0,0,35,37,0.21588000714243202,0.8537899256005143,CTS_556,EUR,"[0, 1]",True,"[0.0, 1.0]",1.0,"[0.0, 1.0, 0.0]",1
2,218143731,"['C', 'T']",rs2113825,-10.0,[],[39],318,[0.178549],False,0.986443,"[279, 39]","[0.8773584905660378, 0.12264150943396226]",318,"[122, 2]",1.0,159,0,0,35,37,0.21588000714243202,0.8537899256005143,CTS_557,EUR,"[1, 0]",True,"[1.0, 0.0]",1.0,"[0.0, 1.0, 0.0]",1
2,218143731,"['C', 'T']",rs2113825,-10.0,[],[39],318,[0.178549],False,0.986443,"[279, 39]","[0.8773584905660378, 0.12264150943396226]",318,"[122, 2]",1.0,159,0,0,35,37,0.21588000714243202,0.8537899256005143,CTS_558,EUR,"[1, 0]",True,"[1.0, 0.0]",1.0,"[0.0, 1.0, 0.0]",1
2,218143731,"['C', 'T']",rs2113825,-10.0,[],[39],318,[0.178549],False,0.986443,"[279, 39]","[0.8773584905660378, 0.12264150943396226]",318,"[122, 2]",1.0,159,0,0,35,37,0.21588000714243202,0.8537899256005143,CTS_559,EUR,"[0, 0]",True,"[0.0, 0.0]",0.0,"[1.0, 0.0, 0.0]",0
2,218143731,"['C', 'T']",rs2113825,-10.0,[],[39],318,[0.178549],False,0.986443,"[279, 39]","[0.8773584905660378, 0.12264150943396226]",318,"[122, 2]",1.0,159,0,0,35,37,0.21588000714243202,0.8537899256005143,CTS_560,EUR,"[0, 0]",True,"[0.0, 0.0]",0.0,"[1.0, 0.0, 0.0]",0
2,218143731,"['C', 'T']",rs2113825,-10.0,[],[39],318,[0.178549],False,0.986443,"[279, 39]","[0.8773584905660378, 0.12264150943396226]",318,"[122, 2]",1.0,159,0,0,35,37,0.21588000714243202,0.8537899256005143,CTS_59,EUR,"[0, 0]",True,"[0.0, 0.0]",0.0,"[1.0, 0.0, 0.0]",0
2,218143731,"['C', 'T']",rs2113825,-10.0,[],[39],318,[0.178549],False,0.986443,"[279, 39]","[0.8773584905660378, 0.12264150943396226]",318,"[122, 2]",1.0,159,0,0,35,37,0.21588000714243202,0.8537899256005143,CTS_63,EUR,"[0, 0]",True,"[0.0, 0.0]",0.0,"[1.0, 0.0, 0.0]",0
2,218143731,"['C', 'T']",rs2113825,-10.0,[],[39],318,[0.178549],False,0.986443,"[279, 39]","[0.8773584905660378, 0.12264150943396226]",318,"[122, 2]",1.0,159,0,0,35,37,0.21588000714243202,0.8537899256005143,CTS_64,EUR,"[1, 0]",True,"[1.0, 0.0]",1.0,"[0.0, 1.0, 0.0]",1
2,218143731,"['C', 'T']",rs2113825,-10.0,[],[39],318,[0.178549],False,0.986443,"[279, 39]","[0.8773584905660378, 0.12264150943396226]",318,"[122, 2]",1.0,159,0,0,35,37,0.21588000714243202,0.8537899256005143,CTS_69,EUR,"[0, 0]",True,"[0.0, 0.0]",0.0,"[1.0, 0.0, 0.0]",0
2,218143731,"['C', 'T']",rs2113825,-10.0,[],[39],318,[0.178549],False,0.986443,"[279, 39]","[0.8773584905660378, 0.12264150943396226]",318,"[122, 2]",1.0,159,0,0,35,37,0.21588000714243202,0.8537899256005143,CTS_70,EUR,"[0, 0]",True,"[0.0, 0.0]",0.0,"[1.0, 0.0, 0.0]",0
2,218143731,"['C', 'T']",rs2113825,-10.0,[],[39],318,[0.178549],False,0.986443,"[279, 39]","[0.8773584905660378, 0.12264150943396226]",318,"[122, 2]",1.0,159,0,0,35,37,0.21588000714243202,0.8537899256005143,CTS_73,EUR,"[0, 0]",True,"[0.0, 0.0]",0.0,"[1.0, 0.0, 0.0]",0
2,218143731,"['C', 'T']",rs2113825,-10.0,[],[39],318,[0.178549],False,0.986443,"[279, 39]","[0.8773584905660378, 0.12264150943396226]",318,"[122, 2]",1.0,159,0,0,35,37,0.21588000714243202,0.8537899256005143,CTS_79,EUR,"[0, 0]",True,"[0.0, 0.0]",0.0,"[1.0, 0.0, 0.0]",0
2,218143731,"['C', 'T']",rs2113825,-10.0,[],[39],318,[0.178549],False,0.986443,"[279, 39]","[0.8773584905660378, 0.12264150943396226]",318,"[122, 2]",1.0,159,0,0,35,37,0.21588000714243202,0.8537899256005143,CTS_8,EUR,"[0, 0]",True,"[0.0, 0.0]",0.0,"[1.0, 0.0, 0.0]",0
2,218143731,"['C', 'T']",rs2113825,-10.0,[],[39],318,[0.178549],False,0.986443,"[279, 39]","[0.8773584905660378, 0.12264150943396226]",318,"[122, 2]",1.0,159,0,0,35,37,0.21588000714243202,0.8537899256005143,CTS_81,EUR,"[0, 0]",True,"[0.0, 0.0]",0.0,"[1.0, 0.0, 0.0]",0
2,218143731,"['C', 'T']",rs2113825,-10.0,[],[39],318,[0.178549],False,0.986443,"[279, 39]","[0.8773584905660378, 0.12264150943396226]",318,"[122, 2]",1.0,159,0,0,35,37,0.21588000714243202,0.8537899256005143,CTS_83,EUR,"[0, 0]",True,"[0.0, 0.0]",0.0,"[1.0, 0.0, 0.0]",0
2,218143731,"['C', 'T']",rs2113825,-10.0,[],[39],318,[0.178549],False,0.986443,"[279, 39]","[0.8773584905660378, 0.12264150943396226]",318,"[122, 2]",1.0,159,0,0,35,37,0.21588000714243202,0.8537899256005143,CTS_84,EUR,"[0, 0]",True,"[0.0, 0.0]",0.0,"[1.0, 0.0, 0.0]",0
2,218143731,"['C', 'T']",rs2113825,-10.0,[],[39],318,[0.178549],False,0.986443,"[279, 39]","[0.8773584905660378, 0.12264150943396226]",318,"[122, 2]",1.0,159,0,0,35,37,0.21588000714243202,0.8537899256005143,CTS_85,EUR,"[0, 0]",True,"[0.0, 0.0]",0.0,"[1.0, 0.0, 0.0]",0
2,218143731,"['C', 'T']",rs2113825,-10.0,[],[39],318,[0.178549],False,0.986443,"[279, 39]","[0.8773584905660378, 0.12264150943396226]",318,"[122, 2]",1.0,159,0,0,35,37,0.21588000714243202,0.8537899256005143,CTS_88,EUR,"[1, 0]",True,"[1.0, 0.0]",1.0,"[0.0, 1.0, 0.0]",1
2,218143731,"['C', 'T']",rs2113825,-10.0,[],[39],318,[0.178549],False,0.986443,"[279, 39]","[0.8773584905660378, 0.12264150943396226]",318,"[122, 2]",1.0,159,0,0,35,37,0.21588000714243202,0.8537899256005143,CTS_89,EUR,"[0, 0]",True,"[0.0, 0.0]",0.0,"[1.0, 0.0, 0.0]",0
2,218143731,"['C', 'T']",rs2113825,-10.0,[],[39],318,[0.178549],False,0.986443,"[279, 39]","[0.8773584905660378, 0.12264150943396226]",318,"[122, 2]",1.0,159,0,0,35,37,0.21588000714243202,0.8537899256005143,CTS_9,EUR,"[0, 0]",True,"[0.0, 0.0]",0.0,"[1.0, 0.0, 0.0]",0
